Nome,Cliente,Data de entrega,Detalhes importantes,Dias até Prazo,Documentos,Equipe do Projeto,Etapas,Fase do Projeto,Pasta/Link,Pontos,Prazo,Prioridade,Responsável,Satisfação Cliente,Seleção múltipla,Status,Tarefas do Projeto,Tempo Decorrido,Tipo de Projeto,URL,WhatsApp
Projeto Rodrigo,,,,,,,Projeto Parado!,,,,,,Pedro Braunn,,Aguardando resposta do cliente,Aguardando Cliente,,,,,https://wa.me/55 ??
Projeto Danton,,,,,,,Onboarding,,,,,,João Pedro,,Aguardando resposta do cliente,Atualizar NT,,,,,https://wa.me/55
Projeto Yochan,,,,,,,Pós Venda,,,,,,João Pedro,,,Em andamento,,,,,https://wa.me/55
Projeto Samuel,Samuel (../../Clientes%20%E2%80%94%20Alaska%20OS/Samuel%2057c3605a39a24ae99c63dc8dd0d20340.md),,,,,Pedro (../%F0%9F%91%A5%20Equipe%20&%20Pessoas/%C3%81reas%20da%20equipe/Contas%20de%20colaboradores/Pedro%20ec60a73898584535a384d7b514ab16af.md),Alteração - Programação,👀 Revisão,,,"November 4, 2025 → November 4, 2025",Alta,"João Pedro, Pedro Braunn",⭐⭐⭐⭐ Muito Bom,Primeira entrega,Em andamento,,,📄 Landing Page,,https://wa.me/55
Projeto Iam,,,,,,,Finalizado,,,,"September 15, 2025",,Alaska Digital,,"Pica para resolver, Projeto Parado",Atualizar NT,,,,,https://wa.me/55
Projeto Luciani - Área de membros,,,,,,,Designer,⚡ Desenvolvimento,,,"November 5, 2025 → November 6, 2025",Alta,"Victor ",,Aguardando resposta do cliente,Aguardando Cliente,,,,,https://wa.me/55
Projeto Micael - Corretora,,,,,,,Aprovação,,,,,,"Pedro Braunn, João Pedro",,Aguardando resposta do cliente,Aguardando Cliente,,,,,https://wa.me/55
Projeto Franciele - Upsell e checkout personalizado,,,,,,,Pós Venda,,,,"October 30, 2025",,João Pedro,,,A iniciar,,,,https://docs.google.com/document/d/1vWGd94G3jYWbUrTZYLazml2txW6MM9mqwxfMQ1Q4GrM/edit?ouid=100810143286615757298&usp=docs_home&ths=true,https://wa.me/55
Projeto Débora,Débora (../../Clientes%20%E2%80%94%20Alaska%20OS/D%C3%A9bora%20c3a4af68ddb0443ca8871d3dab917fe1.md),,,,,"Pedro (../%F0%9F%91%A5%20Equipe%20&%20Pessoas/%C3%81reas%20da%20equipe/Contas%20de%20colaboradores/Pedro%20ec60a73898584535a384d7b514ab16af.md), Victor (../%F0%9F%91%A5%20Equipe%20&%20Pessoas/%C3%81reas%20da%20equipe/Contas%20de%20colaboradores/Victor%202a040b88141880f9bc8eda6031bc5fa1.md), João Pedro (../%F0%9F%91%A5%20Equipe%20&%20Pessoas/%C3%81reas%20da%20equipe/Contas%20de%20colaboradores/Jo%C3%A3o%20Pedro%2036a578466c014b9d87a9e68d1a76310c.md)",Programação,⚡ Desenvolvimento,,,"November 3, 2025 → November 5, 2025",,"João Pedro, Pedro Braunn",,Urgente,Aguardando Cliente,,,📄 Landing Page,,https://wa.me/55
Projeto Claudio,,,,,,,Aprovação,,,,"October 28, 2025 → October 30, 2025",,"Pedro Braunn, João Pedro",,,Em andamento,,,,,https://wa.me/55
Projeto Luis - Nova etapa,Luis (../../Clientes%20%E2%80%94%20Alaska%20OS/Luis%203aeb90c5ee4e458facc17f7d513e0275.md),,Refazendo a página principal dele,,,,Designer,⚡ Desenvolvimento,,,"November 3, 2025 → November 6, 2025",Alta,"João pedro, Victor ",⭐⭐⭐⭐ Muito Bom,"Aprovação, Falta Prazo",Em andamento,Processo de Layout e aprendizado Notion (Tarefas%20%E2%80%94%20Alaska%20OS/Processo%20de%20Layout%20e%20aprendizado%20Notion%202a040b881418805aa86ef29333993bd4.md),,📄 Landing Page,,https://wa.me/55
Finalizar Projeto MSK,MSK (../../Clientes%20%E2%80%94%20Alaska%20OS/MSK%20ca6dc219c6e846528e545a676e85a1f6.md),,,,,,Programação,⚡ Desenvolvimento,,,,Alta,Pedro Braunn,❓ Não avaliado,Falta Prazo,Em andamento,,,📄 Landing Page,,https://wa.me/55
Projeto Inovare,,,,,,,Programação,⚡ Desenvolvimento,,,,Alta,"João Pedro, Pedro Braunn",,Falta Prazo,Aguardando Cliente,,,📄 Landing Page,,https://wa.me/55
Projeto Hector,Hector (../../Clientes%20%E2%80%94%20Alaska%20OS/Hector%20d8b883dfb453494ca214af559c014d26.md),,,,,"João Pedro (../%F0%9F%91%A5%20Equipe%20&%20Pessoas/%C3%81reas%20da%20equipe/Contas%20de%20colaboradores/Jo%C3%A3o%20Pedro%2036a578466c014b9d87a9e68d1a76310c.md), Pedro (../%F0%9F%91%A5%20Equipe%20&%20Pessoas/%C3%81reas%20da%20equipe/Contas%20de%20colaboradores/Pedro%20ec60a73898584535a384d7b514ab16af.md)",Aprovação,⚡ Desenvolvimento,,,"November 3, 2025 → November 3, 2025",Alta,"Victor ",,,Importante,,,📄 Landing Page,,https://wa.me/55
Projeto Malvino,,,,,,,Alaska Performance,,,,,,João Pedro,,,Em andamento,,,,,https://wa.me/55
Projeto André,,,,,,,Pós Venda,,,,"October 29, 2025 → October 30, 2025",,Alaska Digital,,,Em andamento,,,,,https://wa.me/55
Projeto Oliver,,,,,,,Alteração - Programação,,,,,,Pedro Braunn,,"Aguardando resposta do cliente, Falta Prazo",Em andamento,,,,,https://wa.me/55
Apresentação Thalles,,,,,,,Finalizado,,,,,,João Pedro,,Falta Prazo,Feito,,,,,https://wa.me/55
E-Commerce DeVashti,,,,,,,E-Commerce,,,,"September 22, 2025",,João Pedro,,Alteração Programação,Atrasado!,,,,,https://wa.me/55
E-Commerce Olivia EB cabelos,,,,,,,E-Commerce,,,,"September 19, 2025 → September 26, 2025",,João Pedro,,,Em andamento,,,,,https://wa.me/55
E-Commerce Carol - Empodera,,,,,,,E-Commerce,,,,"September 24, 2025",,João Pedro,,Aguardando resposta do cliente,Aguardando Cliente,,,,,https://wa.me/55
Projeto Chris e João - LP + Área de Membros,,,,,,,Pós Venda,,,,,,João Pedro,,,Feito,,,,,https://wa.me/554789269095
Projeto Rafael - Seguros - Slau,,,,,,,Copy,,,,"September 19, 2025 → September 23, 2025",,Luan Lima,,,A iniciar,,,,,https://wa.me/55
LP Lucas (Automóveis) - Projeto reduzido (Comentários a baixo),,,,,,,Pós Venda,,,,"October 29, 2025",,João Pedro,,,Em andamento,,,,,https://wa.me/55
Queens Hot Massage,,,,,,,Pós Venda,,,,"October 7, 2025",,João Pedro,,Aprovação,Feito,,,,,https://wa.me/55
Site da Altix - João CR7,,,,,,,Aprovação,,,,"October 9, 2025 → October 10, 2025",,João Pedro,,,Atualizar NT,,,,,https://wa.me/55
Lp - Fabielle ✅ + TypeBot ✅ + Captura ?,,,,,,,Pós Venda,,,,,,João Pedro,,,Feito,,,,,https://wa.me/55
LP - Aureum,,,,,,,Pós Venda,,,,"October 29, 2025",,João Pedro,,,Em andamento,,,,,https://wa.me/55
Projeto Donna,,,,,,,Alteração - Programação,,,,"October 23, 2025 → October 24, 2025",,,,,Aguardando Cliente,,,,,https://wa.me/55
Projeto Petry,,,,,,,Finalizado,,,,,,"João Pedro, Pedro Braunn",,Falta Prazo,A iniciar,,,,,https://wa.me/55
Apresentação Marcus Vinícius,,,,,,,Finalizado,,,,"September 26, 2025",,,,,Feito,,,,,https://wa.me/55
Site - ClimberL,,,,,,,Programação,⚡ Desenvolvimento,,,"November 3, 2025 → November 4, 2025",Média,João pedro,,,Atualizar NT,,,,,https://wa.me/55
LP - Deyvison,,,,,,,Pós Venda,,,,"October 27, 2025 → October 30, 2025",,João Pedro,,,Em andamento,,,,,https://wa.me/55
LP - Thais/Levi - Brindes SoftCut,,,,,,,Programação,,,,"October 30, 2025 → November 7, 2025",,"João Pedro, Pedro Braunn",,,Aguardando Cliente,,,,,https://wa.me/55
Projeto Marcos,,,,,,,Projeto Parado!,,,,,,,,Falta Prazo,A iniciar,,,,,https://wa.me/55
LP - Marcos Tv karaoke,,,,,,,Designer,👀 Revisão,,,"November 3, 2025 → November 7, 2025",Média,"Victor ",,,Aguardando Cliente,,,📄 Landing Page,,https://wa.me/55
LP - Paola be,,,,,,,Aprovação,⚡ Desenvolvimento,,,,Alta,"João Pedro, Pedro Braunn",,Aguardando resposta do cliente,Aguardando Cliente,,,,,https://wa.me/55
LP - Ribeiro,Ribeiro (../../Clientes%20%E2%80%94%20Alaska%20OS/Ribeiro%20263c2a1264184143b41c92addcc0fcbb.md),,Cliente insatisfeito,,,,Alteração Designer,👀 Revisão,,,"November 4, 2025 → November 4, 2025",Alta,"João Pedro, Victor ",⭐ Precisa melhorar,"Falta Prazo, Primeira entrega",Má entrega,Analise de entrega e plano de processo do Dev (Tarefas%20%E2%80%94%20Alaska%20OS/Analise%20de%20entrega%20e%20plano%20de%20processo%20do%20Dev%202a040b88141880e4bf3ac772d03949fd.md),,📄 Landing Page,,https://wa.me/55
Artes Alaska,,,,,,,Finalizado,,,,"October 2, 2025 → October 6, 2025",,João Pedro,,,Feito,,,,,https://wa.me/55
Arte em vídeo,,,,,,,Designer,,,,,,"Victor ",,"Aguardando resposta do cliente, Falta Prazo",Aguardando Cliente,,,,,https://wa.me/55
Carlos trade - Newsletter,Carlos trade - Newsletter (../../Clientes%20%E2%80%94%20Alaska%20OS/Carlos%20trade%20-%20Newsletter%2079589b85aefa4d1eb8bd6f7bbdc8ac22.md),"October 29, 2025",,,,João Pedro (../%F0%9F%91%A5%20Equipe%20&%20Pessoas/%C3%81reas%20da%20equipe/Contas%20de%20colaboradores/Jo%C3%A3o%20Pedro%2036a578466c014b9d87a9e68d1a76310c.md),Pós Venda,🚀 Entrega,,,"October 27, 2025",Baixa,João Pedro,⭐⭐⭐⭐⭐ Excelente,,A iniciar,,,📱 App/Sistema,,https://wa.me/55
LP - Claudio,,,,,,,Projeto Parado!,,,,,,,,Pica para resolver,Atualizar NT,,,,,https://wa.me/55
LP - Cristiano e Rodrigo,Cristiano e Rodrigo (../../Clientes%20%E2%80%94%20Alaska%20OS/Cristiano%20e%20Rodrigo%206e1d13d4e0ea4024baee27f712709414.md),,Estamos desenvolvendo uma “área de membros” no site dele,,,Pedro (../%F0%9F%91%A5%20Equipe%20&%20Pessoas/%C3%81reas%20da%20equipe/Contas%20de%20colaboradores/Pedro%20ec60a73898584535a384d7b514ab16af.md),Programação,⚡ Desenvolvimento,,,"November 3, 2025 → November 6, 2025",Alta,"João Pedro, Pedro Braunn",,,Em andamento,,,📄 Landing Page,,https://wa.me/55
LP - Rogério Translogin,Rogério Translogin (../../Clientes%20%E2%80%94%20Alaska%20OS/Rog%C3%A9rio%20Translogin%204aaa987ffe554c3aae7f7daab0a95288.md),"October 29, 2025",Marcando call de entrega,,,"Pedro (../%F0%9F%91%A5%20Equipe%20&%20Pessoas/%C3%81reas%20da%20equipe/Contas%20de%20colaboradores/Pedro%20ec60a73898584535a384d7b514ab16af.md), João Pedro (../%F0%9F%91%A5%20Equipe%20&%20Pessoas/%C3%81reas%20da%20equipe/Contas%20de%20colaboradores/Jo%C3%A3o%20Pedro%2036a578466c014b9d87a9e68d1a76310c.md)",Aprovação,🚀 Entrega,,,"October 27, 2025 → October 29, 2025",Média,"João Pedro, Pedro Braunn",⭐⭐⭐⭐ Muito Bom,,Em andamento,,,📄 Landing Page,,https://wa.me/55
LP - Matheus + 5 criativos + checkout personalizado (2° público),,,,,,,Designer,,,,,Baixa,"Victor ",,"Aguardando resposta do cliente, Falta Prazo, Primeira entrega",Aguardando Cliente,,,📄 Landing Page,,https://wa.me/55
4 Life,,,,,,,Alaska Performance,,,,,,Alaska Digital,,Performance,Em andamento,,,,,https://wa.me/55
Franciele,Fran (../../Clientes%20%E2%80%94%20Alaska%20OS/Fran%2062c0ca809f2842a4a7394c3faf99406e.md),,,,,,Alaska Performance,,,,,,Alaska Digital,,,Atualizar NT,,,,,https://wa.me/55
12 artes (Carrossel)  - Fran,,,,,,,Designer,⚡ Desenvolvimento,,,"November 3, 2025 → November 7, 2025",,"Victor ",⭐⭐⭐⭐ Muito Bom,,Em andamento,,,✍️ Conteúdo,,https://wa.me/55
2 LP Uana Amorim,,,,,,,Projeto Parado!,,,,"October 15, 2025 → October 17, 2025",,João Pedro,,,Aguardando Cliente,,,,,https://wa.me/55
LP - Wagner (Info-Produtos),,"November 3, 2025",,,,,Pós Venda,💚 Pós-venda,,,"October 24, 2025 → October 30, 2025",Baixa,João pedro,❓ Não avaliado,"Primeira entrega, Urgente",Feito,,,✍️ Conteúdo,,https://wa.me/55
Nexus AI,Nexus AI (../../Clientes%20%E2%80%94%20Alaska%20OS/Nexus%20AI%205439318595f8431187f211c1621e7ff6.md),,,,,"João Pedro (../%F0%9F%91%A5%20Equipe%20&%20Pessoas/%C3%81reas%20da%20equipe/Contas%20de%20colaboradores/Jo%C3%A3o%20Pedro%2036a578466c014b9d87a9e68d1a76310c.md), Victor (../%F0%9F%91%A5%20Equipe%20&%20Pessoas/%C3%81reas%20da%20equipe/Contas%20de%20colaboradores/Victor%202a040b88141880f9bc8eda6031bc5fa1.md)",Designer,⚡ Desenvolvimento,,,"November 3, 2025 → November 6, 2025",Alta,"João pedro, Victor ",⭐⭐ Regular,Primeira entrega,Em andamento,,,📄 Landing Page,,https://wa.me/55
Página de link Malvino,,,,,,,Finalizado,Finalizado_Entrega Pontual,,,"October 16, 2025 → October 17, 2025",,Pedro Braunn,,,Feito,,,,,https://wa.me/55
Lucca - 1° Página de link ✅ - 2º Página de link,Lucca (../../Clientes%20%E2%80%94%20Alaska%20OS/Lucca%20565b12bbeeb544f9970826478b6fce2b.md),"November 5, 2025",,,,"Luan (../%F0%9F%91%A5%20Equipe%20&%20Pessoas/%C3%81reas%20da%20equipe/Contas%20de%20colaboradores/Luan%20b4f82c67dee643f9a7c041c1e3fda0b3.md), Victor (../%F0%9F%91%A5%20Equipe%20&%20Pessoas/%C3%81reas%20da%20equipe/Contas%20de%20colaboradores/Victor%202a040b88141880f9bc8eda6031bc5fa1.md), Pedro (../%F0%9F%91%A5%20Equipe%20&%20Pessoas/%C3%81reas%20da%20equipe/Contas%20de%20colaboradores/Pedro%20ec60a73898584535a384d7b514ab16af.md), João Pedro (../%F0%9F%91%A5%20Equipe%20&%20Pessoas/%C3%81reas%20da%20equipe/Contas%20de%20colaboradores/Jo%C3%A3o%20Pedro%2036a578466c014b9d87a9e68d1a76310c.md)",Programação,⚡ Desenvolvimento,,,"October 29, 2025 → October 29, 2025",,"Pedro Braunn, Luan Lima",,Aguardando resposta do cliente,Importante,,,📄 Landing Page,,https://wa.me/55
Camila,,,,,,,Alaska Performance,,,,,,,,,A iniciar,,,,,https://wa.me/55
We-Care (Leudair),,,,,,,Copy,,,,"November 3, 2025",,Luan Lima,,,A iniciar,,,,,https://wa.me/55
Nikh,Nikh (../../Clientes%20%E2%80%94%20Alaska%20OS/Nikh%2026c1ecb6e5f74cb5981e4e2d9f263d57.md),,,,,,Designer,,,,,,"Victor , João Pedro",,,Em andamento,,,,,https://wa.me/55
🎯 TEMPLATE: Projeto Padrão Alaska,,,,,,,,📝 Briefing,,,,,,,,A iniciar,,,🌐 Website,,
Novo projeto,,,,,,,,,,,,,,,,A iniciar,,,,,https://wa.me/55